date,gross_portfolio_return,benchmark_return,turnover,cost_bps,monthly_cost,net_portfolio_return,gross_nav,net_nav,benchmark_nav,gross_excess_nav,net_excess_nav
2020-06-30,0.09826637669065055,0.1630049435475966,1.0,0.0,0.0,0.09826637669065055,1.0982663766906506,1.0982663766906506,1.1630049435475966,-0.06473856685694601,-0.06473856685694601
2020-07-31,0.045119184167941986,-0.019267830571703,0.6,0.0,0.0,0.045119184167941986,1.1478192596060144,1.1478192596060144,1.1405963613412686,0.0072228982647457585,0.0072228982647457585
2020-08-31,-0.043887438112893015,0.011787753560791,0.4,0.0,0.0,-0.043887438112893015,1.0974444128852687,1.0974444128852687,1.1540414301610946,-0.05659701727582589,-0.05659701727582589
2020-09-30,0.01986754603718776,0.0,0.4,0.0,0.0,0.01986754603718776,1.1192479402815214,1.1192479402815214,1.1540414301610946,-0.0347934898795732,-0.0347934898795732
2020-10-30,0.19099844752150646,0.0999999215219098,0.4,0.0,0.0,0.19099844752150646,1.3330225592669358,1.3330225592669358,1.2694454826102366,0.0635770766566992,0.0635770766566992
2020-11-30,0.08673682435993216,0.0789936730008002,0.2,0.0,0.0,0.08673682435993216,1.4486447028578995,1.4486447028578995,1.3697236439558926,0.07892105890200685,0.07892105890200685
2020-12-31,-0.010446511000703925,0.0715250917809211,0.4,0.0,0.0,-0.010446511000703925,1.433511420033383,1.433511420033383,1.4676932533043356,-0.0341818332709527,-0.0341818332709527
2021-01-29,0.0478534192269161,0.0405614597740207,0.6,0.0,0.0,0.0478534192269161,1.5021098429828121,1.5021098429828121,1.527225034158841,-0.025115191176028784,-0.025115191176028784
2021-02-26,0.09784403634891822,0.0101200904574219,0.6,0.0,0.0,0.09784403634891822,1.6490823330596902,1.6490823330596902,1.5426806896533676,0.10640164340632263,0.10640164340632263
2021-03-31,0.22357642653919055,0.0434138896267193,0.8,0.0,0.0,0.22357642653919055,2.0177782681540872,2.0177782681540872,1.6096544588432502,0.408123809310837,0.408123809310837
2021-04-29,-0.11128853999921762,-0.0248933202807215,0.6,0.0,0.0,-0.11128853999921762,1.793222670649069,1.793222670649069,1.5695848148579736,0.2236378557910954,0.2236378557910954
2021-05-31,-0.00865860900152844,0.0134936880308873,0.4,0.0,0.0,-0.00865860900152844,1.777695856691242,1.777695856691242,1.5907643026876852,0.18693155400355677,0.18693155400355677
2021-06-30,-0.01998526793692538,-0.0183668354455682,1.0,0.0,0.0,-0.01998526793692538,1.7421681286849056,1.7421681286849056,1.5615469965075366,0.18062113217736897,0.18062113217736897
2021-07-30,-0.0014419534690998602,0.0316060729048106,0.6,0.0,0.0,-0.0014419534690998602,1.7396560033079933,1.7396560033079933,1.6109013647234418,0.1287546385845515,0.1287546385845515
2021-08-31,-0.04772604998520358,-0.0235124968703477,0.4,0.0,0.0,-0.04772604998520358,1.6566290939370565,1.6566290939370565,1.573025051426943,0.08360404251011344,0.08360404251011344
2021-09-30,-0.04036122389684136,-0.009120780645782,0.6,0.0,0.0,-0.04036122389684136,1.5897655161626414,1.5897655161626414,1.5586778349825579,0.031087681180083537,0.031087681180083537
2021-10-29,0.09914385892579651,0.0162001244479863,0.8,0.0,0.0,0.09914385892579651,1.7473810042221662,1.7473810042221662,1.5839286098835932,0.16345239433857306,0.16345239433857306
2021-11-30,0.07128198610514454,0.0543479662714327,0.4,0.0,0.0,0.07128198610514454,1.8719377926855243,1.8719377926855243,1.6700119085499041,0.20192588413562018,0.20192588413562018
2021-12-30,-0.12911960859021113,-0.0058103447226558,0.6,0.0,0.0,-0.12911960859021113,1.6302339175887457,1.6302339175887457,1.6603085636702888,-0.03007464608154309,-0.03007464608154309
2022-01-26,0.02632942150371162,-0.0215471139204953,0.6,0.0,0.0,0.02632942150371162,1.6731570335545867,1.6731570335545867,1.624533705905711,0.04862332764887567,0.04862332764887567
2022-02-25,-0.04424969023723682,-0.0028882585201674,0.8,0.0,0.0,-0.04424969023723682,1.599120353101542,1.599120353101542,1.6198416325883298,-0.020721279486787703,-0.020721279486787703
2022-03-31,-0.07955656275849524,-0.0677046191991792,0.6,0.0,0.0,-0.07955656275849524,1.4718998343716323,1.4718998343716323,1.51017087169096,-0.038271037319327794,-0.038271037319327794
2022-04-29,-0.011182542480025159,0.0081555022136419,0.4,0.0,0.0,-0.011182542480025159,1.4554402519474294,1.4554402519474294,1.5224870735780132,-0.06704682163058373,-0.06704682163058373
2022-05-31,-0.0032801345284451445,-0.1078582589315221,0.8,0.0,0.0,-0.0032801345284451445,1.450666212122928,1.450666212122928,1.3582742685761404,0.09239194354678748,0.09239194354678748
2022-06-30,0.1562784151096469,0.0351302502231489,0.6,0.0,0.0,0.1562784151096469,1.677374028606614,1.677374028606614,1.4059907835028849,0.27138324510372924,0.27138324510372924
2022-07-29,0.19711147719264516,-0.0014378154995494,0.4,0.0,0.0,0.19711147719264516,2.008003701189842,2.008003701189842,1.403969228162141,0.6040344730277012,0.6040344730277012
2022-08-31,-0.07733751071598652,-0.120323103805738,0.4,0.0,0.0,-0.07733751071598652,1.8527096934313323,1.8527096934313323,1.2350392929819258,0.6176704004494065,0.6176704004494065
2022-09-30,-0.08587175902198334,-0.0425325287212,0.4,0.0,0.0,-0.08587175902198334,1.6936142530993044,1.6936142530993044,1.1825099487813615,0.5111043043179428,0.5111043043179428
2022-10-31,0.20749439928764332,0.1746592140700014,0.4,0.0,0.0,0.20749439928764332,2.045029725171135,2.045029725171135,1.3890462070654717,0.6559835181056635,0.6559835181056635
2022-11-30,-0.031245906756153897,-0.0528578067671943,0.6,0.0,0.0,-0.031245906756153897,1.9811309170648748,1.9811309170648748,1.3156242710617008,0.665506646003174,0.665506646003174
2022-12-30,0.11643784601421928,0.0976682365650845,0.6,0.0,0.0,0.11643784601421928,2.211809533720084,2.211809533720084,1.4441189735985218,0.767690560121562,0.767690560121562
2023-01-31,0.06278853979720257,0.0042265283745801,0.6,0.0,0.0,0.06278853979720257,2.350685824651899,2.350685824651899,1.4502225834167055,0.9004632412351936,0.9004632412351936
2023-02-24,0.10952391099423657,0.0235689857203018,0.6,0.0,0.0,0.10952391099423657,2.6081421296864873,2.6081421296864873,1.484402858776513,1.1237392709099743,1.1237392709099743
2023-03-31,0.04905501765751369,-0.0345395211828919,0.8,0.0,0.0,0.04905501765751369,2.7360845879115634,2.7360845879115634,1.4331322947918563,1.302952293119707,1.302952293119707
2023-04-28,0.0662693297978035,0.0745315521297247,0.4,0.0,0.0,0.0662693297978035,2.9174030798225616,2.9174030798225616,1.5399458691299277,1.377457210692634,1.377457210692634
2023-05-31,0.20266955179431362,0.0233849384975746,1.0,0.0,0.0,0.20266955179431362,3.5086718544135502,3.5086718544135502,1.5759574085691253,1.932714445844425,1.932714445844425
2023-06-30,0.3755599542165115,0.0122464101078123,0.6,0.0,0.0,0.3755599542165115,4.8263884954178655,4.8263884954178655,1.595257229306908,3.2311312661109577,3.2311312661109577
2023-07-31,0.05725252994046154,-0.0240683830255856,0.2,0.0,0.0,0.05725252994046154,5.102711447256076,5.102711447256076,1.556861967287615,3.545849479968461,3.545849479968461
2023-08-31,-0.02011288355006908,-0.0242641193544865,0.6,0.0,0.0,-0.02011288355006908,5.00008120612781,5.00008120612781,1.5190860826948875,3.480995123432922,3.480995123432922
2023-09-28,-0.06673124479520989,-0.0122298554899146,0.4,0.0,0.0,-0.06673124479520989,4.666419563165767,4.666419563165767,1.5005078794267885,3.1659116837389782,3.1659116837389782
2023-10-31,0.1266619614575392,0.084193137696209,0.8,0.0,0.0,0.1266619614575392,5.257477418020176,5.257477418020176,1.6268403459336147,3.6306370720865617,3.6306370720865617
2023-11-30,0.00986869624645184,0.0312141853307073,0.6,0.0,0.0,0.00986869624645184,5.309361865681197,5.309361865681197,1.6776208419950585,3.6317410236861383,3.6317410236861383
2023-12-29,-0.07462202458153347,0.0150087702218666,0.8,0.0,0.0,-0.07462202458153347,4.913166534028078,4.913166534028078,1.7027998677319767,3.2103666662961015,3.2103666662961015
2024-01-31,0.12417151623303775,0.0666169465883437,0.8,0.0,0.0,0.12417151623303775,5.523241872063763,5.523241872063763,1.8162351955713165,3.7070066764924468,3.7070066764924468
2024-02-29,0.060292044052662995,0.1011863933107026,0.6,0.0,0.0,0.060292044052662995,5.856249414327745,5.856249414327745,2.000013484415137,3.8562359299126077,3.8562359299126077
2024-03-29,0.1524293564433449,0.0028517333142807,0.8,0.0,0.0,0.1524293564433449,6.7489137437254385,6.7489137437254385,2.0057169894976545,4.7431967542277835,4.7431967542277835
2024-04-30,0.034564729807694886,0.0489730683043736,0.4,0.0,0.0,0.034564729807694886,6.9821881237727474,6.9821881237727474,2.103943104623566,4.8782450191491815,4.8782450191491815
2024-05-31,0.10453313635175707,0.1231926771546587,0.8,0.0,0.0,0.10453313635175707,7.712058146948702,7.712058146948702,2.363133488263227,5.348924658685474,5.348924658685474
2024-06-28,-0.007932617022687587,-0.0250783979388332,0.4,0.0,0.0,-0.007932617022687587,7.65088134321226,7.65088134321226,2.303869886261979,5.347011456950281,5.347011456950281
2024-07-31,-0.012936796609851536,0.0027647722122614,0.4,0.0,0.0,-0.012936796609851536,7.551903447389015,7.551903447389015,2.310239561704182,5.241663885684833,5.241663885684833
2024-08-30,0.02715040500803586,0.0143368454340295,0.8,0.0,0.0,0.02715040500803586,7.756940684567208,7.756940684567208,2.3433611092159152,5.413579575351293,5.413579575351293
2024-09-30,0.028589173533417965,0.0426747007074188,0.4,0.0,0.0,0.028589173533417965,7.978705207886731,7.978705207886731,2.4433633432011095,5.535341864685622,5.535341864685622
2024-10-30,-0.009106502876788642,-0.0237226528390439,0.4,0.0,0.0,-0.009106502876788642,7.906047105958062,7.906047105958062,2.385400282850704,5.5206468231073575,5.5206468231073575
2024-11-29,0.07274368966324643,0.0453938362867876,0.4,0.0,0.0,0.07274368966324643,8.481162143096883,8.481162143096883,2.4936827527688856,5.987479390327998,5.987479390327998
2024-12-31,-3.931993335198891e-06,0.0425656754578298,0.8,0.0,0.0,-3.931993335198891e-06,8.481128795223862,8.481128795223862,2.5998280435180336,5.881300751705828,5.881300751705828
2025-01-22,-0.11882426659567165,-0.0437158508017215,0.4,0.0,0.0,-0.11882426659567165,7.473364886227954,7.473364886227954,2.486174348657468,4.987190537570486,4.987190537570486
2025-02-27,-0.12133054276603943,-0.1025973986023859,0.8,0.0,0.0,-0.12133054276603943,6.5666174682932565,6.5666174682932565,2.2310993280132303,4.335518140280026,4.335518140280026
2025-03-31,-0.0479883454916801,-0.0240231953692251,0.8,0.0,0.0,-0.0479883454916801,6.251496360513098,6.251496360513098,2.1775011929682213,4.073995167544877,4.073995167544877
2025-04-30,0.03849530197289362,0.0661328205729216,0.6,0.0,0.0,0.03849530197289362,6.4921496006934944,6.4921496006934944,2.3215054886601116,4.170644112033383,4.170644112033383
2025-05-29,0.09714609040443685,0.0761614659975993,1.0,0.0,0.0,0.09714609040443685,7.122836552721592,7.122836552721592,2.498314749997939,4.624521802723653,4.624521802723653
2025-06-30,0.09404470089615717,0.0734747861459745,0.6,0.0,0.0,0.09404470089615717,7.79270158585451,7.79270158585451,2.6818778919793713,5.110823693875139,5.110823693875139
2025-07-31,0.32748104696236846,0.0184287292791145,0.6,0.0,0.0,0.32748104696236846,10.344663659855453,10.344663659855453,2.7313014936103017,7.613362166245151,7.613362166245151
2025-08-29,0.20401974524073463,0.1009523606008835,0.4,0.0,0.0,0.20401974524073463,12.455179304340248,12.455179304340248,3.0070328269029805,9.448146477437268,9.448146477437268
2025-09-30,0.26210854703916325,0.1202422240859923,0.4,0.0,0.0,0.26210854703916325,15.719788254913128,15.719788254913128,3.368605141909384,12.351183113003744,12.351183113003744
2025-10-31,-0.03534120559120406,-0.0370656818172991,0.6,0.0,0.0,-0.03534120559120406,15.16423198634605,15.16423198634605,3.243745495551253,11.920486490794797,11.920486490794797
2025-11-28,0.1696990815101104,0.0521251371594126,0.6,0.0,0.0,0.1696990815101104,17.73758822623521,17.73758822623521,3.412826174417089,14.324762051818121,14.324762051818121
2025-12-31,0.3623386862626695,0.122327685777446,0.4,0.0,0.0,0.3623386862626695,24.164602641597472,24.164602641597472,3.830309302294226,20.334293339303247,20.334293339303247
2026-01-30,0.014262066106277121,0.1177686395517698,0.6,0.0,0.0,0.014262066106277121,24.509239801903853,24.509239801903853,4.281399617887906,20.227840184015946,20.227840184015946
2026-02-26,-0.08279954515339537,-0.1084411939160774,0.4,0.0,0.0,-0.08279954515339537,22.47988589425072,22.47988589425072,3.8171195316923034,18.66276636255842,18.66276636255842
2026-03-31,0.394213854055854,0.2508638826353395,0.6,0.0,0.0,0.394213854055854,31.341768351359125,31.341768351359125,4.774696957895824,26.5670713934633,26.5670713934633
2020-06-30,0.09826637669065055,0.1630049435475966,1.0,10.0,0.001,0.09726637669065055,1.0982663766906506,1.0972663766906505,1.1630049435475966,-0.06473856685694601,-0.06573856685694612
2020-07-31,0.045119184167941986,-0.019267830571703,0.6,10.0,0.0006,0.04451918416794198,1.1478192596060144,1.146115780595832,1.1405963613412686,0.0072228982647457585,0.00551941925456334
2020-08-31,-0.043887438112893015,0.011787753560791,0.4,10.0,0.0004,-0.04428743811289301,1.0974444128852687,1.0953572488924839,1.1540414301610946,-0.05659701727582589,-0.05868418126861075
2020-09-30,0.01986754603718776,0.0,0.4,10.0,0.0004,0.01946754603718776,1.1192479402815214,1.1166811665624656,1.1540414301610946,-0.0347934898795732,-0.037360263598628984
2020-10-30,0.19099844752150646,0.0999999215219098,0.4,10.0,0.0004,0.19059844752150645,1.3330225592669358,1.3295188632857764,1.2694454826102366,0.0635770766566992,0.0600733806755398
2020-11-30,0.08673682435993216,0.0789936730008002,0.2,10.0,0.0002,0.08653682435993215,1.4486447028578995,1.4445712036411542,1.3697236439558926,0.07892105890200685,0.07484755968526158
2020-12-31,-0.010446511000703925,0.0715250917809211,0.4,10.0,0.0004,-0.010846511000703924,1.433511420033383,1.4289026461895604,1.4676932533043356,-0.0341818332709527,-0.03879060711477522
2021-01-29,0.0478534192269161,0.0405614597740207,0.6,10.0,0.0006,0.047253419226916095,1.5021098429828121,1.4964231819644054,1.527225034158841,-0.025115191176028784,-0.03080185219443554
2021-02-26,0.09784403634891822,0.0101200904574219,0.6,10.0,0.0006,0.09724403634891822,1.6490823330596902,1.6419414122647158,1.5426806896533676,0.10640164340632263,0.09926072261134822
2021-03-31,0.22357642653919055,0.0434138896267193,0.8,10.0,0.0008,0.22277642653919055,2.0177782681540872,2.007727252675761,1.6096544588432502,0.408123809310837,0.3980727938325106
2021-04-29,-0.11128853999921762,-0.0248933202807215,0.6,10.0,0.0006,-0.11188853999921762,1.793222670649069,1.7830855816572295,1.5695848148579736,0.2236378557910954,0.2135007667992559
2021-05-31,-0.00865860900152844,0.0134936880308873,0.4,10.0,0.0004,-0.00905860900152844,1.777695856691242,1.7669333065567339,1.5907643026876852,0.18693155400355677,0.17616900386904866
2021-06-30,-0.01998526793692538,-0.0183668354455682,1.0,10.0,0.001,-0.02098526793692538,1.7421681286849056,1.7298537376919634,1.5615469965075366,0.18062113217736897,0.1683067411844268
2021-07-30,-0.0014419534690998602,0.0316060729048106,0.6,10.0,0.0006,-0.00204195346909986,1.7396560033079933,1.726321456851248,1.6109013647234418,0.1287546385845515,0.11542009212780613
2021-08-31,-0.04772604998520358,-0.0235124968703477,0.4,10.0,0.0004,-0.048126049985203576,1.6566290939370565,1.6432404241282954,1.573025051426943,0.08360404251011344,0.07021537270135236
2021-09-30,-0.04036122389684136,-0.009120780645782,0.6,10.0,0.0006,-0.04096122389684136,1.5897655161626414,1.5759312851992358,1.5586778349825579,0.031087681180083537,0.0172534502166779
2021-10-29,0.09914385892579651,0.0162001244479863,0.8,10.0,0.0008,0.09834385892579652,1.7473810042221662,1.7309144491876187,1.5839286098835932,0.16345239433857306,0.14698583930402553
2021-11-30,0.07128198610514454,0.0543479662714327,0.4,10.0,0.0004,0.07088198610514454,1.8719377926855243,1.8536051031241296,1.6700119085499041,0.20192588413562018,0.18359319457422552
2021-12-30,-0.12911960859021113,-0.0058103447226558,0.6,10.0,0.0006,-0.12971960859021112,1.6302339175887457,1.6131561746660497,1.6603085636702888,-0.03007464608154309,-0.047152389004239126
2022-01-26,0.02632942150371162,-0.0215471139204953,0.6,10.0,0.0006,0.02572942150371162,1.6731570335545867,1.6546617498353475,1.624533705905711,0.04862332764887567,0.030128043929636528
2022-02-25,-0.04424969023723682,-0.0028882585201674,0.8,10.0,0.0008,-0.045049690237236824,1.599120353101542,1.5801197505578608,1.6198416325883298,-0.020721279486787703,-0.039721882030469
2022-03-31,-0.07955656275849524,-0.0677046191991792,0.6,10.0,0.0006,-0.08015656275849524,1.4718998343716323,1.4534627826063318,1.51017087169096,-0.038271037319327794,-0.05670808908462832
2022-04-29,-0.011182542480025159,0.0081555022136419,0.4,10.0,0.0004,-0.011582542480025158,1.4554402519474294,1.4366279881836583,1.5224870735780132,-0.06704682163058373,-0.08585908539435483
2022-05-31,-0.0032801345284451445,-0.1078582589315221,0.8,10.0,0.0008,-0.004080134528445144,1.450666212122928,1.4307663527245396,1.3582742685761404,0.09239194354678748,0.07249208414839914
2022-06-30,0.1562784151096469,0.0351302502231489,0.6,10.0,0.0006,0.15567841510964692,1.677374028606614,1.653505790908906,1.4059907835028849,0.27138324510372924,0.24751500740602106
2022-07-29,0.19711147719264516,-0.0014378154995494,0.4,10.0,0.0004,0.19671147719264515,2.008003701189842,1.9787693575851897,1.403969228162141,0.6040344730277012,0.5748001294230487
2022-08-31,-0.07733751071598652,-0.120323103805738,0.4,10.0,0.0004,-0.07773751071598652,1.8527096934313323,1.8249447534454453,1.2350392929819258,0.6176704004494065,0.5899054604635194
2022-09-30,-0.08587175902198334,-0.0425325287212,0.4,10.0,0.0004,-0.08627175902198334,1.6936142530993044,1.667503559447767,1.1825099487813615,0.5111043043179428,0.48499361066640545
2022-10-31,0.20749439928764332,0.1746592140700014,0.4,10.0,0.0004,0.2070943992876433,2.045029725171135,2.012834207401609,1.3890462070654717,0.6559835181056635,0.6237880003361373
2022-11-30,-0.031245906756153897,-0.0528578067671943,0.6,10.0,0.0006,-0.0318459067561539,1.9811309170648748,1.9487336769171006,1.3156242710617008,0.665506646003174,0.6331094058553999
2022-12-30,0.11643784601421928,0.0976682365650845,0.6,10.0,0.0006,0.11583784601421927,2.211809533720084,2.174470788506547,1.4441189735985218,0.767690560121562,0.7303518149080253
2023-01-31,0.06278853979720257,0.0042265283745801,0.6,10.0,0.0006,0.06218853979720257,2.350685824651899,2.309697951675441,1.4502225834167055,0.9004632412351936,0.8594753682587355
2023-02-24,0.10952391099423657,0.0235689857203018,0.6,10.0,0.0006,0.10892391099423657,2.6081421296864873,2.5612792857873075,1.484402858776513,1.1237392709099743,1.0768764270107944
2023-03-31,0.04905501765751369,-0.0345395211828919,0.8,10.0,0.0008,0.04825501765751369,2.7360845879115634,2.684873862948798,1.4331322947918563,1.302952293119707,1.2517415681569415
2023-04-28,0.0662693297978035,0.0745315521297247,0.4,10.0,0.0004,0.06586932979780351,2.9174030798225616,2.861724704892875,1.5399458691299277,1.377457210692634,1.3217788357629472
2023-05-31,0.20266955179431362,0.0233849384975746,1.0,10.0,0.001,0.20166955179431362,3.5086718544135502,3.4388474434873357,1.5759574085691253,1.932714445844425,1.8628900349182105
2023-06-30,0.3755599542165115,0.0122464101078123,0.6,10.0,0.0006,0.3749599542165115,4.8263884954178655,4.728277523454915,1.595257229306908,3.2311312661109577,3.1330202941480074
2023-07-31,0.05725252994046154,-0.0240683830255856,0.2,10.0,0.0002,0.05705252994046154,5.102711447256076,4.998037718428638,1.556861967287615,3.545849479968461,3.4411757511410235
2023-08-31,-0.02011288355006908,-0.0242641193544865,0.6,10.0,0.0006,-0.02071288355006908,5.00008120612781,4.894513945187973,1.5190860826948875,3.480995123432922,3.3754278624930856
2023-09-28,-0.06673124479520989,-0.0122298554899146,0.4,10.0,0.0004,-0.06713124479520989,4.666419563165767,4.565939131379991,1.5005078794267885,3.1659116837389782,3.065431251953202
2023-10-31,0.1266619614575392,0.084193137696209,0.8,10.0,0.0008,0.1258619614575392,5.257477418020176,5.140617186351209,1.6268403459336147,3.6306370720865617,3.513776840417594
2023-11-30,0.00986869624645184,0.0312141853307073,0.6,10.0,0.0006,0.00926869624645184,5.309361865681197,5.1882640055707885,1.6776208419950585,3.6317410236861383,3.51064316357573
2023-12-29,-0.07462202458153347,0.0150087702218666,0.8,10.0,0.0008,-0.07542202458153346,4.913166534028078,4.796954630207143,1.7027998677319767,3.2103666662961015,3.094154762475166
2024-01-31,0.12417151623303775,0.0666169465883437,0.8,10.0,0.0008,0.12337151623303776,5.523241872063763,5.388762196236889,1.8162351955713165,3.7070066764924468,3.5725270006655725
2024-02-29,0.060292044052662995,0.1011863933107026,0.6,10.0,0.0006,0.05969204405266299,5.856249414327745,5.710428426643986,2.000013484415137,3.8562359299126077,3.7104149422288493
2024-03-29,0.1524293564433449,0.0028517333142807,0.8,10.0,0.0008,0.1516293564433449,6.7489137437254385,6.5762970139917964,2.0057169894976545,4.7431967542277835,4.5705800244941415
2024-04-30,0.034564729807694886,0.0489730683043736,0.4,10.0,0.0004,0.03416472980769489,6.9821881237727474,6.800974424609977,2.103943104623566,4.8782450191491815,4.697031319986411
2024-05-31,0.10453313635175707,0.1231926771546587,0.8,10.0,0.0008,0.10373313635175707,7.712058146948702,7.506460831922856,2.363133488263227,5.348924658685474,5.143327343659628
2024-06-28,-0.007932617022687587,-0.0250783979388332,0.4,10.0,0.0004,-0.008332617022687587,7.65088134321226,7.443912368614638,2.303869886261979,5.347011456950281,5.1400424823526585
2024-07-31,-0.012936796609851536,0.0027647722122614,0.4,10.0,0.0004,-0.013336796609851535,7.551903447389015,7.344634423372866,2.310239561704182,5.241663885684833,5.034394861668684
2024-08-30,0.02715040500803586,0.0143368454340295,0.8,10.0,0.0008,0.02635040500803586,7.756940684567208,7.538168515064703,2.3433611092159152,5.413579575351293,5.194807405848787
2024-09-30,0.028589173533417965,0.0426747007074188,0.4,10.0,0.0004,0.028189173533417964,7.978705207886731,7.750663255460008,2.4433633432011095,5.535341864685622,5.307299912258898
2024-10-30,-0.009106502876788642,-0.0237226528390439,0.4,10.0,0.0004,-0.009506502876788642,7.906047105958062,7.676981552924957,2.385400282850704,5.5206468231073575,5.2915812700742535
2024-11-29,0.07274368966324643,0.0453938362867876,0.4,10.0,0.0004,0.07234368966324643,8.481162143096883,8.232362723940227,2.4936827527688856,5.987479390327998,5.738679971171342
2024-12-31,-3.931993335198891e-06,0.0425656754578298,0.8,10.0,0.0008,-0.000803931993335199,8.481128795223862,8.225744464165711,2.5998280435180336,5.881300751705828,5.625916420647677
2025-01-22,-0.11882426659567165,-0.0437158508017215,0.4,10.0,0.0004,-0.11922426659567165,7.473364886227954,7.245036113222148,2.486174348657468,4.987190537570486,4.75886176456468
2025-02-27,-0.12133054276603943,-0.1025973986023859,0.8,10.0,0.0008,-0.12213054276603942,6.5666174682932565,6.36019592035477,2.2310993280132303,4.335518140280026,4.12909659234154
2025-03-31,-0.0479883454916801,-0.0240231953692251,0.8,10.0,0.0008,-0.0487883454916801,6.251496360513098,6.049892484397727,2.1775011929682213,4.073995167544877,3.8723912914295058
2025-04-30,0.03849530197289362,0.0661328205729216,0.6,10.0,0.0006,0.03789530197289362,6.4921496006934944,6.2791549869975185,2.3215054886601116,4.170644112033383,3.957649498337407
2025-05-29,0.09714609040443685,0.0761614659975993,1.0,10.0,0.001,0.09614609040443685,7.122836552721592,6.882871190040853,2.498314749997939,4.624521802723653,4.384556440042914
2025-06-30,0.09404470089615717,0.0734747861459745,0.6,10.0,0.0006,0.09344470089615717,7.79270158585451,7.526039029700998,2.6818778919793713,5.110823693875139,4.844161137721627
2025-07-31,0.32748104696236846,0.0184287292791145,0.6,10.0,0.0006,0.32688104696236847,10.344663659855453,9.986158547209307,2.7313014936103017,7.613362166245151,7.254857053599006
2025-08-29,0.20401974524073463,0.1009523606008835,0.4,10.0,0.0004,0.20361974524073462,12.455179304340248,12.01953760652565,3.0070328269029805,9.448146477437268,9.01250477962267
2025-09-30,0.26210854703916325,0.1202422240859923,0.4,10.0,0.0004,0.26170854703916324,15.719788254913128,15.165153329612062,3.368605141909384,12.351183113003744,11.796548187702678
2025-10-31,-0.03534120559120406,-0.0370656818172991,0.6,10.0,0.0006,-0.03594120559120406,15.16423198634605,14.620099435970342,3.243745495551253,11.920486490794797,11.37635394041909
2025-11-28,0.1696990815101104,0.0521251371594126,0.6,10.0,0.0006,0.1690990815101104,17.73758822623521,17.09234482217941,3.412826174417089,14.324762051818121,13.67951864776232
2025-12-31,0.3623386862626695,0.122327685777446,0.4,10.0,0.0004,0.3619386862626695,24.164602641597472,23.278725652267564,3.830309302294226,20.334293339303247,19.44841634997334
2026-01-30,0.014262066106277121,0.1177686395517698,0.6,10.0,0.0006,0.013662066106277121,24.509239801903853,23.596761140998733,4.281399617887906,20.227840184015946,19.315361523110827
2026-02-26,-0.08279954515339537,-0.1084411939160774,0.4,10.0,0.0004,-0.08319954515339537,22.47988589425072,21.633521346974327,3.8171195316923034,18.66276636255842,17.816401815282024
2026-03-31,0.394213854055854,0.2508638826353395,0.6,10.0,0.0006,0.39361385405585403,31.341768351359125,30.14877506115648,4.774696957895824,26.5670713934633,25.374078103260658
2020-06-30,0.09826637669065055,0.1630049435475966,1.0,25.0,0.0025,0.09576637669065055,1.0982663766906506,1.0957663766906505,1.1630049435475966,-0.06473856685694601,-0.06723856685694618
2020-07-31,0.045119184167941986,-0.019267830571703,0.6,25.0,0.0015,0.043619184167941985,1.1478192596060144,1.1435628120805585,1.1405963613412686,0.0072228982647457585,0.0029664507392899164
2020-08-31,-0.043887438112893015,0.011787753560791,0.4,25.0,0.001,-0.044887438112893016,1.0974444128852687,1.0922312071250866,1.1540414301610946,-0.05659701727582589,-0.06181022303600803
2020-09-30,0.01986754603718776,0.0,0.4,25.0,0.001,0.01886754603718776,1.1192479402815214,1.1128389297087722,1.1540414301610946,-0.0347934898795732,-0.04120250045232243
2020-10-30,0.19099844752150646,0.0999999215219098,0.4,25.0,0.001,0.18999844752150646,1.3330225592669358,1.3242765986949336,1.2694454826102366,0.0635770766566992,0.05483111608469704
2020-11-30,0.08673682435993216,0.0789936730008002,0.2,25.0,0.0005,0.08623682435993216,1.4486447028578995,1.438478007140557,1.3697236439558926,0.07892105890200685,0.06875436318466432
2020-12-31,-0.010446511000703925,0.0715250917809211,0.4,25.0,0.001,-0.011446511000703926,1.433511420033383,1.422012452807552,1.4676932533043356,-0.0341818332709527,-0.04568080049678369
2021-01-29,0.0478534192269161,0.0405614597740207,0.6,25.0,0.0015,0.0463534192269161,1.5021098429828121,1.4879275921784358,1.527225034158841,-0.025115191176028784,-0.03929744198040508
2021-02-26,0.09784403634891822,0.0101200904574219,0.6,25.0,0.0015,0.09634403634891822,1.6490823330596902,1.6312805422038335,1.5426806896533676,0.10640164340632263,0.08859985255046587
2021-03-31,0.22357642653919055,0.0434138896267193,0.8,25.0,0.002,0.22157642653919055,2.0177782681540872,1.9927338554282723,1.6096544588432502,0.408123809310837,0.3830793965850221
2021-04-29,-0.11128853999921762,-0.0248933202807215,0.6,25.0,0.0015,-0.11278853999921762,1.793222670649069,1.7679763132675053,1.5695848148579736,0.2236378557910954,0.19839149840953163
2021-05-31,-0.00865860900152844,0.0134936880308873,0.4,25.0,0.001,-0.009658609001528439,1.777695856691242,1.7509001213336906,1.5907643026876852,0.18693155400355677,0.16013581864600535
2021-06-30,-0.01998526793692538,-0.0183668354455682,1.0,25.0,0.0025,-0.022485267936925377,1.7421681286849056,1.7115306629747074,1.5615469965075366,0.18062113217736897,0.14998366646717076
2021-07-30,-0.0014419534690998602,0.0316060729048106,0.6,25.0,0.0015,-0.0029419534690998603,1.7396560033079933,1.7064954194032982,1.6109013647234418,0.1287546385845515,0.09559405467985638
2021-08-31,-0.04772604998520358,-0.0235124968703477,0.4,25.0,0.001,-0.04872604998520358,1.6566290939370565,1.6233446382979322,1.573025051426943,0.08360404251011344,0.05031958687098914
2021-09-30,-0.04036122389684136,-0.009120780645782,0.6,25.0,0.0015,-0.04186122389684136,1.5897655161626414,1.5553894449324055,1.5586778349825579,0.031087681180083537,-0.0032883900501523566
2021-10-29,0.09914385892579651,0.0162001244479863,0.8,25.0,0.002,0.09714385892579651,1.7473810042221662,1.706485977745592,1.5839286098835932,0.16345239433857306,0.12255736786199889
2021-11-30,0.07128198610514454,0.0543479662714327,0.4,25.0,0.001,0.07028198610514454,1.8719377926855243,1.8264212015221317,1.6700119085499041,0.20192588413562018,0.1564092929722276
2021-12-30,-0.12911960859021113,-0.0058103447226558,0.6,25.0,0.0015,-0.13061960859021113,1.6302339175887457,1.5878547790584476,1.6603085636702888,-0.03007464608154309,-0.07245378461184115
2022-01-26,0.02632942150371162,-0.0215471139204953,0.6,25.0,0.0015,0.02482942150371162,1.6731570335545867,1.6272802946543727,1.624533705905711,0.04862332764887567,0.002746588748661738
2022-02-25,-0.04424969023723682,-0.0028882585201674,0.8,25.0,0.002,-0.046249690237236823,1.599120353101542,1.5520190850974487,1.6198416325883298,-0.020721279486787703,-0.06782254749088112
2022-03-31,-0.07955656275849524,-0.0677046191991792,0.6,25.0,0.0015,-0.08105656275849524,1.4718998343716323,1.4262177527238649,1.51017087169096,-0.038271037319327794,-0.08395311896709523
2022-04-29,-0.011182542480025159,0.0081555022136419,0.4,25.0,0.001,-0.01218254248002516,1.4554402519474294,1.4088427943655404,1.5224870735780132,-0.06704682163058373,-0.11364427921247278
2022-05-31,-0.0032801345284451445,-0.1078582589315221,0.8,25.0,0.002,-0.005280134528445144,1.450666212122928,1.4014039148818598,1.3582742685761404,0.09239194354678748,0.04312964630571936
2022-06-30,0.1562784151096469,0.0351302502231489,0.6,25.0,0.0015,0.1547784151096469,1.677374028606614,1.6183109917557286,1.4059907835028849,0.27138324510372924,0.2123202082528437
2022-07-29,0.19711147719264516,-0.0014378154995494,0.4,25.0,0.001,0.19611147719264516,2.008003701189842,1.935680350906039,1.403969228162141,0.6040344730277012,0.531711122743898
2022-08-31,-0.07733751071598652,-0.120323103805738,0.4,25.0,0.001,-0.07833751071598652,1.8527096934313323,1.7840439706742126,1.2350392929819258,0.6176704004494065,0.5490046776922868
2022-09-30,-0.08587175902198334,-0.0425325287212,0.4,25.0,0.001,-0.08687175902198334,1.6936142530993044,1.62906093276918,1.1825099487813615,0.5111043043179428,0.44655098398781856
2022-10-31,0.20749439928764332,0.1746592140700014,0.4,25.0,0.001,0.20649439928764332,2.045029725171135,1.96545289148432,1.3890462070654717,0.6559835181056635,0.5764066844188482
2022-11-30,-0.031245906756153897,-0.0528578067671943,0.6,25.0,0.0015,-0.032745906756153895,1.9811309170648748,1.9010923543661613,1.3156242710617008,0.665506646003174,0.5854680833044605
2022-12-30,0.11643784601421928,0.0976682365650845,0.6,25.0,0.0015,0.11493784601421927,2.211809533720084,2.1195998146511084,1.4441189735985218,0.767690560121562,0.6754808410525865
2023-01-31,0.06278853979720257,0.0042265283745801,0.6,25.0,0.0015,0.06128853979720257,2.350685824651899,2.2495069922454958,1.4502225834167055,0.9004632412351936,0.7992844088287903
2023-02-24,0.10952391099423657,0.0235689857203018,0.6,25.0,0.0015,0.10802391099423657,2.6081421296864873,2.4925075353567356,1.484402858776513,1.1237392709099743,1.0081046765802226
2023-03-31,0.04905501765751369,-0.0345395211828919,0.8,25.0,0.002,0.04705501765751369,2.7360845879115634,2.609792521444433,1.4331322947918563,1.302952293119707,1.1766602266525767
2023-04-28,0.0662693297978035,0.0745315521297247,0.4,25.0,0.001,0.0652693297978035,2.9174030798225616,2.780131930230431,1.5399458691299277,1.377457210692634,1.2401860611005031
2023-05-31,0.20266955179431362,0.0233849384975746,1.0,25.0,0.0025,0.20016955179431362,3.5086718544135502,3.336629692633716,1.5759574085691253,1.932714445844425,1.7606722840645908
2023-06-30,0.3755599542165115,0.0122464101078123,0.6,25.0,0.0015,0.3740599542165115,4.8263884954178655,4.584729242697737,1.595257229306908,3.2311312661109577,2.989472013390829
2023-07-31,0.05725252994046154,-0.0240683830255856,0.2,25.0,0.0005,0.05675252994046154,5.102711447256076,4.84492422631285,1.556861967287615,3.545849479968461,3.288062259025235
2023-08-31,-0.02011288355006908,-0.0242641193544865,0.6,25.0,0.0015,-0.02161288355006908,5.00008120612781,4.740211443200642,1.5190860826948875,3.480995123432922,3.2211253605057544
2023-09-28,-0.06673124479520989,-0.0122298554899146,0.4,25.0,0.001,-0.0677312447952099,4.666419563165767,4.419151021560165,1.5005078794267885,3.1659116837389782,2.918643142133376
2023-10-31,0.1266619614575392,0.084193137696209,0.8,25.0,0.002,0.12466196145753919,5.257477418020176,4.970051055884944,1.6268403459336147,3.6306370720865617,3.343210709951329
2023-11-30,0.00986869624645184,0.0312141853307073,0.6,25.0,0.0015,0.00836869624645184,5.309361865681197,5.011643903501001,1.6776208419950585,3.6317410236861383,3.3340230615059427
2023-12-29,-0.07462202458153347,0.0150087702218666,0.8,25.0,0.002,-0.07662202458153347,4.913166534028078,4.627641601133056,1.7027998677319767,3.2103666662961015,2.9248417334010792
2024-01-31,0.12417151623303775,0.0666169465883437,0.8,25.0,0.002,0.12217151623303775,5.523241872063763,5.1930075921265635,1.8162351955713165,3.7070066764924468,3.376772396555247
2024-02-29,0.060292044052662995,0.1011863933107026,0.6,25.0,0.0015,0.058792044052662994,5.856249414327745,5.498315123248682,2.000013484415137,3.8562359299126077,3.4983016388335453
2024-03-29,0.1524293564433449,0.0028517333142807,0.8,25.0,0.002,0.1504293564433449,6.7489137437254385,6.325423128761693,2.0057169894976545,4.7431967542277835,4.319706139264039
2024-04-30,0.034564729807694886,0.0489730683043736,0.4,25.0,0.001,0.033564729807694885,6.9821881237727474,6.537734246997923,2.103943104623566,4.8782450191491815,4.433791142374357
2024-05-31,0.10453313635175707,0.1231926771546587,0.8,25.0,0.002,0.10253313635175706,7.712058146948702,7.208068643976913,2.363133488263227,5.348924658685474,4.844935155713685
2024-06-28,-0.007932617022687587,-0.0250783979388332,0.4,25.0,0.001,-0.008932617022687588,7.65088134321226,7.143681727307024,2.303869886261979,5.347011456950281,4.839811841045045
2024-07-31,-0.012936796609851536,0.0027647722122614,0.4,25.0,0.001,-0.013936796609851535,7.551903447389015,7.044121688028033,2.310239561704182,5.241663885684833,4.733882126323851
2024-08-30,0.02715040500803586,0.0143368454340295,0.8,25.0,0.002,0.025150405008035857,7.756940684567208,7.221284201407827,2.3433611092159152,5.413579575351293,4.877923092191912
2024-09-30,0.028589173533417965,0.0426747007074188,0.4,25.0,0.001,0.027589173533417964,7.978705207886731,7.420513464374597,2.4433633432011095,5.535341864685622,4.977150121173487
2024-10-30,-0.009106502876788642,-0.0237226528390439,0.4,25.0,0.001,-0.010106502876788642,7.906047105958062,7.345518023699647,2.385400282850704,5.5206468231073575,4.960117740848943
2024-11-29,0.07274368966324643,0.0453938362867876,0.4,25.0,0.001,0.07174368966324643,8.481162143096883,7.872512589207737,2.4936827527688856,5.987479390327998,5.378829836438852
2024-12-31,-3.931993335198891e-06,0.0425656754578298,0.8,25.0,0.002,-0.002003931993335199,8.481128795223862,7.85673660936229,2.5998280435180336,5.881300751705828,5.256908565844256
2025-01-22,-0.11882426659567165,-0.0437158508017215,0.4,25.0,0.001,-0.11982426659567165,7.473364886227954,6.91530890731009,2.486174348657468,4.987190537570486,4.429134558652622
2025-02-27,-0.12133054276603943,-0.1025973986023859,0.8,25.0,0.002,-0.12333054276603943,6.5666174682932565,6.06244010637671,2.2310993280132303,4.335518140280026,3.8313407783634794
2025-03-31,-0.0479883454916801,-0.0240231953692251,0.8,25.0,0.002,-0.0499883454916801,6.251496360513098,5.759388755816533,2.1775011929682213,4.073995167544877,3.581887562848312
2025-04-30,0.03849530197289362,0.0661328205729216,0.6,25.0,0.0015,0.03699530197289362,6.4921496006934944,5.972459082017254,2.3215054886601116,4.170644112033383,3.6509535933571424
2025-05-29,0.09714609040443685,0.0761614659975993,1.0,25.0,0.0025,0.09464609040443685,7.122836552721592,6.537728984230659,2.498314749997939,4.624521802723653,4.03941423423272
2025-06-30,0.09404470089615717,0.0734747861459745,0.6,25.0,0.0015,0.09254470089615717,7.79270158585451,7.142761157616422,2.6818778919793713,5.110823693875139,4.460883265637051
2025-07-31,0.32748104696236846,0.0184287292791145,0.6,25.0,0.0015,0.32598104696236846,10.344663659855453,9.471165917978363,2.7313014936103017,7.613362166245151,6.739864424368061
2025-08-29,0.20401974524073463,0.1009523606008835,0.4,25.0,0.001,0.20301974524073463,12.455179304340248,11.39399960977906,3.0070328269029805,9.448146477437268,8.38696678287608
2025-09-30,0.26210854703916325,0.1202422240859923,0.4,25.0,0.001,0.26110854703916325,15.719788254913128,14.369070292853262,3.368605141909384,12.351183113003744,11.000465150943878
2025-10-31,-0.03534120559120406,-0.0370656818172991,0.6,25.0,0.0015,-0.03684120559120406,15.16423198634605,13.839696420039793,3.243745495551253,11.920486490794797,10.595950924488541
2025-11-28,0.1696990815101104,0.0521251371594126,0.6,25.0,0.0015,0.1681990815101104,17.73758822623521,16.16752064626925,3.412826174417089,14.324762051818121,12.75469447185216
2025-12-31,0.3623386862626695,0.122327685777446,0.4,25.0,0.001,0.3613386862626695,24.164602641597472,22.009471316716766,3.830309302294226,20.334293339303247,18.17916201442254
2026-01-30,0.014262066106277121,0.1177686395517698,0.6,25.0,0.0015,0.012762066106277122,24.509239801903853,22.290357644624915,4.281399617887906,20.227840184015946,18.00895802673701
2026-02-26,-0.08279954515339537,-0.1084411939160774,0.4,25.0,0.001,-0.08379954515339537,22.47988589425072,20.422435812698836,3.8171195316923034,18.66276636255842,16.605316281006534
2026-03-31,0.394213854055854,0.2508638826353395,0.6,25.0,0.0015,0.392713854055854,31.341768351359125,28.442609289912095,4.774696957895824,26.5670713934633,23.66791233201627
2020-06-30,0.09826637669065055,0.1630049435475966,1.0,50.0,0.005,0.09326637669065055,1.0982663766906506,1.0932663766906505,1.1630049435475966,-0.06473856685694601,-0.06973856685694613
2020-07-31,0.045119184167941986,-0.019267830571703,0.6,50.0,0.003,0.042119184167941984,1.1478192596060144,1.1393138645551026,1.1405963613412686,0.0072228982647457585,-0.0012824967861659875
2020-08-31,-0.043887438112893015,0.011787753560791,0.4,50.0,0.002,-0.04588743811289302,1.0974444128852687,1.0870336701041694,1.1540414301610946,-0.05659701727582589,-0.06700776005692521
2020-09-30,0.01986754603718776,0.0,0.4,50.0,0.002,0.017867546037187758,1.1192479402815214,1.1064562942487288,1.1540414301610946,-0.0347934898795732,-0.047585135912365795
2020-10-30,0.19099844752150646,0.0999999215219098,0.4,50.0,0.002,0.18899844752150646,1.3330225592669358,1.3155748161121377,1.2694454826102366,0.0635770766566992,0.04612933350190107
2020-11-30,0.08673682435993216,0.0789936730008002,0.2,50.0,0.001,0.08573682435993216,1.4486447028578995,1.428368023053494,1.3697236439558926,0.07892105890200685,0.05864437909760145
2020-12-31,-0.010446511000703925,0.0715250917809211,0.4,50.0,0.002,-0.012446511000703925,1.433511420033383,1.410589824741505,1.4676932533043356,-0.0341818332709527,-0.05710342856283068
2021-01-29,0.0478534192269161,0.0405614597740207,0.6,50.0,0.003,0.044853419226916096,1.5021098429828121,1.4738596015078578,1.527225034158841,-0.025115191176028784,-0.05336543265098315
2021-02-26,0.09784403634891822,0.0101200904574219,0.6,50.0,0.003,0.09484403634891822,1.6490823330596902,1.6136463951264712,1.5426806896533676,0.10640164340632263,0.07096570547310366
2021-03-31,0.22357642653919055,0.0434138896267193,0.8,50.0,0.004,0.21957642653919054,2.0177782681540872,1.9679651042661885,1.6096544588432502,0.408123809310837,0.35831064542293833
2021-04-29,-0.11128853999921762,-0.0248933202807215,0.6,50.0,0.003,-0.11428853999921762,1.793222670649069,1.7430492457301978,1.5695848148579736,0.2236378557910954,0.17346443087222418
2021-05-31,-0.00865860900152844,0.0134936880308873,0.4,50.0,0.002,-0.01065860900152844,1.777695856691242,1.7244707653495506,1.5907643026876852,0.18693155400355677,0.13370646266186537
2021-06-30,-0.01998526793692538,-0.0183668354455682,1.0,50.0,0.005,-0.02498526793692538,1.7421681286849056,1.6813844012278973,1.5615469965075366,0.18062113217736897,0.11983740472036075
2021-07-30,-0.0014419534690998602,0.0316060729048106,0.6,50.0,0.003,-0.00444195346909986,1.7396560033079933,1.6739157699539728,1.6109013647234418,0.1287546385845515,0.06301440523053103
2021-08-31,-0.04772604998520358,-0.0235124968703477,0.4,50.0,0.002,-0.04972604998520358,1.6566290939370565,1.590678550706221,1.573025051426943,0.08360404251011344,0.017653499279278062
2021-09-30,-0.04036122389684136,-0.009120780645782,0.6,50.0,0.003,-0.04336122389684136,1.5897655161626414,1.5217047819211456,1.5586778349825579,0.031087681180083537,-0.0369730530614123
2021-10-29,0.09914385892579651,0.0162001244479863,0.8,50.0,0.004,0.0951438589257965,1.7473810042221662,1.6664856470189608,1.5839286098835932,0.16345239433857306,0.08255703713536766
2021-11-30,0.07128198610514454,0.0543479662714327,0.4,50.0,0.002,0.06928198610514454,1.8719377926855243,1.7819430824601514,1.6700119085499041,0.20192588413562018,0.11193117391024732
2021-12-30,-0.12911960859021113,-0.0058103447226558,0.6,50.0,0.003,-0.13211960859021113,1.6302339175887457,1.546513459875482,1.6603085636702888,-0.03007464608154309,-0.11379510379480684
2022-01-26,0.02632942150371162,-0.0215471139204953,0.6,50.0,0.003,0.02332942150371162,1.6731570335545867,1.5825927242420805,1.624533705905711,0.04862332764887567,-0.04194098166363047
2022-02-25,-0.04424969023723682,-0.0028882585201674,0.8,50.0,0.004,-0.048249690237236825,1.599120353101542,1.5062331155256954,1.6198416325883298,-0.020721279486787703,-0.11360851706263442
2022-03-31,-0.07955656275849524,-0.0677046191991792,0.6,50.0,0.003,-0.08255656275849524,1.4718998343716323,1.3818836867948745,1.51017087169096,-0.038271037319327794,-0.1282871848960856
2022-04-29,-0.011182542480025159,0.0081555022136419,0.4,50.0,0.002,-0.013182542480025159,1.4554402519474294,1.3636669463912472,1.5224870735780132,-0.06704682163058373,-0.15882012718676597
2022-05-31,-0.0032801345284451445,-0.1078582589315221,0.8,50.0,0.004,-0.007280134528445144,1.450666212122928,1.353739267569525,1.3582742685761404,0.09239194354678748,-0.004535001006615413
2022-06-30,0.1562784151096469,0.0351302502231489,0.6,50.0,0.003,0.1532784151096469,1.677374028606614,1.561238276974276,1.4059907835028849,0.27138324510372924,0.15524749347139122
2022-07-29,0.19711147719264516,-0.0014378154995494,0.4,50.0,0.002,0.19511147719264516,2.008003701189842,1.8658537834444273,1.403969228162141,0.6040344730277012,0.46188455528228634
2022-08-31,-0.07733751071598652,-0.120323103805738,0.4,50.0,0.002,-0.07933751071598652,1.8527096934313323,1.7178215889059412,1.2350392929819258,0.6176704004494065,0.48278229592401534
2022-09-30,-0.08587175902198334,-0.0425325287212,0.4,50.0,0.002,-0.08787175902198334,1.6936142530993044,1.5668735842028378,1.1825099487813615,0.5111043043179428,0.38436363542147634
2022-10-31,0.20749439928764332,0.1746592140700014,0.4,50.0,0.002,0.20549439928764332,2.045029725171135,1.8888573301482765,1.3890462070654717,0.6559835181056635,0.49981112308280484
2022-11-30,-0.031245906756153897,-0.0528578067671943,0.6,50.0,0.003,-0.034245906756153896,1.9811309170648748,1.8241716981443408,1.3156242710617008,0.665506646003174,0.50854742708264
2022-12-30,0.11643784601421928,0.0976682365650845,0.6,50.0,0.003,0.11343784601421927,2.211809533720084,2.0311018063419355,1.4441189735985218,0.767690560121562,0.5869828327434137
2023-01-31,0.06278853979720257,0.0042265283745801,0.6,50.0,0.003,0.05978853979720257,2.350685824651899,2.1525384175225803,1.4502225834167055,0.9004632412351936,0.7023158341058748
2023-02-24,0.10952391099423657,0.0235689857203018,0.6,50.0,0.003,0.10652391099423657,2.6081421296864873,2.381835228322431,1.484402858776513,1.1237392709099743,0.8974323695459179
2023-03-31,0.04905501765751369,-0.0345395211828919,0.8,50.0,0.004,0.045055017657513685,2.7360845879115634,2.489148856591786,1.4331322947918563,1.302952293119707,1.0560165617999298
2023-04-28,0.0662693297978035,0.0745315521297247,0.4,50.0,0.002,0.0642693297978035,2.9174030798225616,2.649124785371909,1.5399458691299277,1.377457210692634,1.1091789162419812
2023-05-31,0.20266955179431362,0.0233849384975746,1.0,50.0,0.005,0.1976695517943136,3.5086718544135502,3.1727760943435817,1.5759574085691253,1.932714445844425,1.5968186857744564
2023-06-30,0.3755599542165115,0.0122464101078123,0.6,50.0,0.003,0.3725599542165115,4.8263884954178655,4.354825410791468,1.595257229306908,3.2311312661109577,2.7595681814845605
2023-07-31,0.05725252994046154,-0.0240683830255856,0.2,50.0,0.001,0.05625252994046154,5.102711447256076,4.599795357597498,1.556861967287615,3.545849479968461,3.0429333903098827
2023-08-31,-0.02011288355006908,-0.0242641193544865,0.6,50.0,0.003,-0.023112883550069078,5.00008120612781,4.493480823143198,1.5190860826948875,3.480995123432922,2.9743947404483104
2023-09-28,-0.06673124479520989,-0.0122298554899146,0.4,50.0,0.002,-0.0687312447952099,4.666419563165767,4.184638292705162,1.5005078794267885,3.1659116837389782,2.6841304132783734
2023-10-31,0.1266619614575392,0.084193137696209,0.8,50.0,0.004,0.12266196145753919,5.257477418020176,4.697934233678706,1.6268403459336147,3.6306370720865617,3.071093887745091
2023-11-30,0.00986869624645184,0.0312141853307073,0.6,50.0,0.003,0.0068686962464518395,5.309361865681197,4.730202916915653,1.6776208419950585,3.6317410236861383,3.0525820749205943
2023-12-29,-0.07462202458153347,0.0150087702218666,0.8,50.0,0.004,-0.07862202458153347,4.913166534028078,4.358304786906269,1.7027998677319767,3.2103666662961015,2.6555049191742928
2024-01-31,0.12417151623303775,0.0666169465883437,0.8,50.0,0.004,0.12017151623303775,5.523241872063763,4.882048881354502,1.8162351955713165,3.7070066764924468,3.065813685783186
2024-02-29,0.060292044052662995,0.1011863933107026,0.6,50.0,0.003,0.05729204405266299,5.856249414327745,5.161751440932319,2.000013484415137,3.8562359299126077,3.161737956517182
2024-03-29,0.1524293564433449,0.0028517333142807,0.8,50.0,0.004,0.1484293564433449,6.7489137437254385,5.927906885430412,2.0057169894976545,4.7431967542277835,3.9221898959327572
2024-04-30,0.034564729807694886,0.0489730683043736,0.4,50.0,0.002,0.032564729807694884,6.9821881237727474,6.120947571479628,2.103943104623566,4.8782450191491815,4.017004466856062
2024-05-31,0.10453313635175707,0.1231926771546587,0.8,50.0,0.004,0.10053313635175706,7.712058146948702,6.7363056282851455,2.363133488263227,5.348924658685474,4.373172140021918
2024-06-28,-0.007932617022687587,-0.0250783979388332,0.4,50.0,0.002,-0.009932617022687587,7.65088134321226,6.669396484331615,2.303869886261979,5.347011456950281,4.365526598069636
2024-07-31,-0.012936796609851536,0.0027647722122614,0.4,50.0,0.002,-0.014936796609851536,7.551903447389015,6.569777065534694,2.310239561704182,5.241663885684833,4.259537503830512
2024-08-30,0.02715040500803586,0.0143368454340295,0.8,50.0,0.004,0.02315040500803586,7.756940684567208,6.721870065414327,2.3433611092159152,5.413579575351293,4.378508956198412
2024-09-30,0.028589173533417965,0.0426747007074188,0.4,50.0,0.002,0.026589173533417963,7.978705207886731,6.900599035052717,2.4433633432011095,5.535341864685622,4.457235691851608
2024-10-30,-0.009106502876788642,-0.0237226528390439,0.4,50.0,0.002,-0.011106502876788642,7.906047105958062,6.823957512018339,2.385400282850704,5.5206468231073575,4.438557229167635
2024-11-29,0.07274368966324643,0.0453938362867876,0.4,50.0,0.002,0.07074368966324643,8.481162143096883,7.306709444523744,2.4936827527688856,5.987479390327998,4.8130266917548585
2024-12-31,-3.931993335198891e-06,0.0425656754578298,0.8,50.0,0.004,-0.004003931993335199,8.481128795223862,7.277453876812811,2.5998280435180336,5.881300751705828,4.677625833294778
2025-01-22,-0.11882426659567165,-0.0437158508017215,0.4,50.0,0.002,-0.12082426659567165,7.473364886227954,6.398160849463076,2.486174348657468,4.987190537570486,3.911986500805608
2025-02-27,-0.12133054276603943,-0.1025973986023859,0.8,50.0,0.004,-0.12533054276603942,6.5666174682932565,5.596275877495445,2.2310993280132303,4.335518140280026,3.3651765494822143
2025-03-31,-0.0479883454916801,-0.0240231953692251,0.8,50.0,0.004,-0.051988345491680105,6.251496360513098,5.305334753709456,2.1775011929682213,4.073995167544877,3.1278335607412346
2025-04-30,0.03849530197289362,0.0661328205729216,0.6,50.0,0.003,0.03549530197289362,6.4921496006934944,5.49364921285966,2.3215054886601116,4.170644112033383,3.1721437241995485
2025-05-29,0.09714609040443685,0.0761614659975993,1.0,50.0,0.005,0.09214609040443685,7.122836552721592,5.99986750987809,2.498314749997939,4.624521802723653,3.501552759880151
2025-06-30,0.09404470089615717,0.0734747861459745,0.6,50.0,0.003,0.09104470089615717,7.79270158585451,6.546123652731512,2.6818778919793713,5.110823693875139,3.8642457607521408
2025-07-31,0.32748104696236846,0.0184287292791145,0.6,50.0,0.003,0.32448104696236846,10.344663659855453,8.670216709114957,2.7313014936103017,7.613362166245151,5.938915215504656
2025-08-29,0.20401974524073463,0.1009523606008835,0.4,50.0,0.002,0.20201974524073463,12.455179304340248,10.421771679872322,3.0070328269029805,9.448146477437268,7.414738852969341
2025-09-30,0.26210854703916325,0.1202422240859923,0.4,50.0,0.002,0.26010854703916325,15.719788254913128,13.132563569097812,3.368605141909384,12.351183113003744,9.763958427188427
2025-10-31,-0.03534120559120406,-0.0370656818172991,0.6,50.0,0.003,-0.03834120559120406,15.16423198634605,12.629045249355476,3.243745495551253,11.920486490794797,9.385299753804222
2025-11-28,0.1696990815101104,0.0521251371594126,0.6,50.0,0.003,0.1666990815101104,17.73758822623521,14.734295492772658,3.412826174417089,14.324762051818121,11.321469318355568
2025-12-31,0.3623386862626695,0.122327685777446,0.4,50.0,0.002,0.3603386862626695,24.164602641597472,20.04363217364433,3.830309302294226,20.334293339303247,16.213322871350105
2026-01-30,0.014262066106277121,0.1177686395517698,0.6,50.0,0.003,0.01126206610627712,24.509239801903853,20.269364884193816,4.281399617887906,20.227840184015946,15.98796526630591
2026-02-26,-0.08279954515339537,-0.1084411939160774,0.4,50.0,0.002,-0.08479954515339537,22.47988589425072,18.550531961465975,3.8171195316923034,18.66276636255842,14.733412429773672
2026-03-31,0.394213854055854,0.2508638826353395,0.6,50.0,0.003,0.391213854055854,31.341768351359125,25.80775706489738,4.774696957895824,26.5670713934633,21.033060107001557
2020-06-30,0.09826637669065055,0.1630049435475966,1.0,100.0,0.01,0.08826637669065056,1.0982663766906506,1.0882663766906506,1.1630049435475966,-0.06473856685694601,-0.07473856685694602
2020-07-31,0.045119184167941986,-0.019267830571703,0.6,100.0,0.006,0.03911918416794199,1.1478192596060144,1.130838469504191,1.1405963613412686,0.0072228982647457585,-0.009757891837077537
2020-08-31,-0.043887438112893015,0.011787753560791,0.4,100.0,0.004,-0.04788743811289302,1.0974444128852687,1.0766855122801304,1.1540414301610946,-0.05659701727582589,-0.07735591788096419
2020-09-30,0.01986754603718776,0.0,0.4,100.0,0.004,0.01586754603718776,1.1192479402815214,1.0937698692138085,1.1540414301610946,-0.0347934898795732,-0.06027156094728614
2020-10-30,0.19099844752150646,0.0999999215219098,0.4,100.0,0.004,0.18699844752150646,1.3330225592669358,1.298303136702592,1.2694454826102366,0.0635770766566992,0.0288576540923553
2020-11-30,0.08673682435993216,0.0789936730008002,0.2,100.0,0.002,0.08473682435993216,1.4486447028578995,1.4083172215633086,1.3697236439558926,0.07892105890200685,0.038593577607415996
2020-12-31,-0.010446511000703925,0.0715250917809211,0.4,100.0,0.004,-0.014446511000703925,1.433511420033383,1.3879719513295135,1.4676932533043356,-0.0341818332709527,-0.07972130197482219
2021-01-29,0.0478534192269161,0.0405614597740207,0.6,100.0,0.006,0.0418534192269161,1.5021098429828121,1.4460633232837081,1.527225034158841,-0.025115191176028784,-0.0811617108751328
2021-02-26,0.09784403634891822,0.0101200904574219,0.6,100.0,0.006,0.09184403634891822,1.6490823330596902,1.5788756157102144,1.5426806896533676,0.10640164340632263,0.03619492605684682
2021-03-31,0.22357642653919055,0.0434138896267193,0.8,100.0,0.008,0.21557642653919054,2.0177782681540872,1.9192439788948867,1.6096544588432502,0.408123809310837,0.30958952005163654
2021-04-29,-0.11128853999921762,-0.0248933202807215,0.6,100.0,0.006,-0.11728853999921762,1.793222670649069,1.6941386547080162,1.5695848148579736,0.2236378557910954,0.12455383985004254
2021-05-31,-0.00865860900152844,0.0134936880308873,0.4,100.0,0.004,-0.01265860900152844,1.777695856691242,1.672693215883692,1.5907643026876852,0.18693155400355677,0.08192891319600681
2021-06-30,-0.01998526793692538,-0.0183668354455682,1.0,100.0,0.01,-0.02998526793692538,1.7421681286849056,1.6225370616291421,1.5615469965075366,0.18062113217736897,0.06099006512160554
2021-07-30,-0.0014419534690998602,0.0316060729048106,0.6,100.0,0.006,-0.007441953469099861,1.7396560033079933,1.610462216314608,1.6109013647234418,0.1287546385845515,-0.00043914840883374495
2021-08-31,-0.04772604998520358,-0.0235124968703477,0.4,100.0,0.004,-0.05172604998520358,1.6566290939370565,1.527159367214237,1.573025051426943,0.08360404251011344,-0.04586568421270609
2021-09-30,-0.04036122389684136,-0.009120780645782,0.6,100.0,0.006,-0.04636122389684136,1.5897655161626414,1.456358389864659,1.5586778349825579,0.031087681180083537,-0.10231944511789881
2021-10-29,0.09914385892579651,0.0162001244479863,0.8,100.0,0.008,0.09114385892579652,1.7473810042221662,1.5890965134958837,1.5839286098835932,0.16345239433857306,0.00516790361229047
2021-11-30,0.07128198610514454,0.0543479662714327,0.4,100.0,0.004,0.06728198610514453,1.8719377926855243,1.6960140830366475,1.6700119085499041,0.20192588413562018,0.026002174486743357
2021-12-30,-0.12911960859021113,-0.0058103447226558,0.6,100.0,0.006,-0.13511960859021113,1.6302339175887457,1.4668493239732499,1.6603085636702888,-0.03007464608154309,-0.19345923969703893
2022-01-26,0.02632942150371162,-0.0215471139204953,0.6,100.0,0.006,0.02032942150371162,1.6731570335545867,1.4966695221627364,1.624533705905711,0.04862332764887567,-0.1278641837429746
2022-02-25,-0.04424969023723682,-0.0028882585201674,0.8,100.0,0.008,-0.05224969023723682,1.599120353101542,1.4184690032422202,1.6198416325883298,-0.020721279486787703,-0.20137262934610956
2022-03-31,-0.07955656275849524,-0.0677046191991792,0.6,100.0,0.006,-0.08555656275849524,1.4718998343716323,1.2971096709453471,1.51017087169096,-0.038271037319327794,-0.21306120074561297
2022-04-29,-0.011182542480025159,0.0081555022136419,0.4,100.0,0.004,-0.015182542480025159,1.4554402519474294,1.277416248264968,1.5224870735780132,-0.06704682163058373,-0.24507082531304514
2022-05-31,-0.0032801345284451445,-0.1078582589315221,0.8,100.0,0.008,-0.011280134528445144,1.450666212122928,1.2630068211357175,1.3582742685761404,0.09239194354678748,-0.09526744744042293
2022-06-30,0.1562784151096469,0.0351302502231489,0.6,100.0,0.006,0.1502784151096469,1.677374028606614,1.4528094844886663,1.4059907835028849,0.27138324510372924,0.04681870098578145
2022-07-29,0.19711147719264516,-0.0014378154995494,0.4,100.0,0.004,0.19311147719264515,2.008003701189842,1.733363670117758,1.403969228162141,0.6040344730277012,0.32939444195561696
2022-08-31,-0.07733751071598652,-0.120323103805738,0.4,100.0,0.004,-0.08133751071598652,1.8527096934313323,1.5923761840248531,1.2350392929819258,0.6176704004494065,0.3573368910429273
2022-09-30,-0.08587175902198334,-0.0425325287212,0.4,100.0,0.004,-0.08987175902198334,1.6936142530993044,1.4492665353418261,1.1825099487813615,0.5111043043179428,0.26675658656046464
2022-10-31,0.20749439928764332,0.1746592140700014,0.4,100.0,0.004,0.20349439928764332,2.045029725171135,1.744184158358895,1.3890462070654717,0.6559835181056635,0.3551379512934234
2022-11-30,-0.031245906756153897,-0.0528578067671943,0.6,100.0,0.006,-0.0372459067561539,1.9811309170648748,1.6792204378310989,1.3156242710617008,0.665506646003174,0.3635961667693981
2022-12-30,0.11643784601421928,0.0976682365650845,0.6,100.0,0.006,0.11043784601421927,2.211809533720084,1.8646699259682196,1.4441189735985218,0.767690560121562,0.42055095236969775
2023-01-31,0.06278853979720257,0.0042265283745801,0.6,100.0,0.006,0.056788539797202574,2.350685824651899,1.9705618082677125,1.4502225834167055,0.9004632412351936,0.520339224851007
2023-02-24,0.10952391099423657,0.0235689857203018,0.6,100.0,0.006,0.10352391099423656,2.6081421296864873,2.174562073515461,1.484402858776513,1.1237392709099743,0.6901592147389481
2023-03-31,0.04905501765751369,-0.0345395211828919,0.8,100.0,0.008,0.04105501765751369,2.7360845879115634,2.263838757840998,1.4331322947918563,1.302952293119707,0.8307064630491419
2023-04-28,0.0662693297978035,0.0745315521297247,0.4,100.0,0.004,0.0622693297978035,2.9174030798225616,2.404806480062049,1.5399458691299277,1.377457210692634,0.8648606109321213
2023-05-31,0.20266955179431362,0.0233849384975746,1.0,100.0,0.01,0.1926695517943136,3.5086718544135502,2.8681394667276647,1.5759574085691253,1.932714445844425,1.2921820581585395
2023-06-30,0.3755599542165115,0.0122464101078123,0.6,100.0,0.006,0.3695599542165115,4.8263884954178655,3.9280889567381103,1.595257229306908,3.2311312661109577,2.332831727431202
2023-07-31,0.05725252994046154,-0.0240683830255856,0.2,100.0,0.002,0.05525252994046154,5.102711447256076,4.1451258094290795,1.556861967287615,3.545849479968461,2.5882638421414645
2023-08-31,-0.02011288355006908,-0.0242641193544865,0.6,100.0,0.006,-0.026112883550069077,5.00008120612781,4.036884621867072,1.5190860826948875,3.480995123432922,2.5177985391721847
2023-09-28,-0.06673124479520989,-0.0122298554899146,0.4,100.0,0.004,-0.0707312447952099,4.666419563165767,3.7513507474677743,1.5005078794267885,3.1659116837389782,2.2508428680409858
2023-10-31,0.1266619614575392,0.084193137696209,0.8,100.0,0.008,0.11866196145753918,5.257477418020176,4.196493385277506,1.6268403459336147,3.6306370720865617,2.5696530393438914
2023-11-30,0.00986869624645184,0.0312141853307073,0.6,100.0,0.006,0.0038686962464518394,5.309361865681197,4.212728343485389,1.6776208419950585,3.6317410236861383,2.53510750149033
2023-12-29,-0.07462202458153347,0.0150087702218666,0.8,100.0,0.008,-0.08262202458153348,4.913166534028078,3.864664198734616,1.7027998677319767,3.2103666662961015,2.1618643310026395
2024-01-31,0.12417151623303775,0.0666169465883437,0.8,100.0,0.008,0.11617151623303776,5.523241872063763,4.3136280984331545,1.8162351955713165,3.7070066764924468,2.4973929028618382
2024-02-29,0.060292044052662995,0.1011863933107026,0.6,100.0,0.006,0.054292044052663,5.856249414327745,4.547823785180093,2.000013484415137,3.8562359299126077,2.5478103007649557
2024-03-29,0.1524293564433449,0.0028517333142807,0.8,100.0,0.008,0.1444293564433449,6.7489137437254385,5.20466304769139,2.0057169894976545,4.7431967542277835,3.198946058193736
2024-04-30,0.034564729807694886,0.0489730683043736,0.4,100.0,0.004,0.030564729807694885,6.9821881237727474,5.363742167484172,2.103943104623566,4.8782450191491815,3.2597990628606057
2024-05-31,0.10453313635175707,0.1231926771546587,0.8,100.0,0.008,0.09653313635175706,7.712058146948702,5.881521021493589,2.363133488263227,5.348924658685474,3.5183875332303622
2024-06-28,-0.007932617022687587,-0.0250783979388332,0.4,100.0,0.004,-0.011932617022687587,7.65088134321226,5.811339083633221,2.303869886261979,5.347011456950281,3.5074691973712415
2024-07-31,-0.012936796609851536,0.0027647722122614,0.4,100.0,0.004,-0.016936796609851534,7.551903447389015,5.712913615542844,2.310239561704182,5.241663885684833,3.4026740538386617
2024-08-30,0.02715040500803586,0.0143368454340295,0.8,100.0,0.008,0.01915040500803586,7.756940684567208,5.822318225056411,2.3433611092159152,5.413579575351293,3.4789571158404957
2024-09-30,0.028589173533417965,0.0426747007074188,0.4,100.0,0.004,0.024589173533417965,7.978705207886731,5.965484218259106,2.4433633432011095,5.535341864685622,3.5221208750579964
2024-10-30,-0.009106502876788642,-0.0237226528390439,0.4,100.0,0.004,-0.013106502876788642,7.906047105958062,5.887297582191056,2.385400282850704,5.5206468231073575,3.5018972993403517
2024-11-29,0.07274368966324643,0.0453938362867876,0.4,100.0,0.004,0.06874368966324643,8.481162143096883,6.292012140136379,2.4936827527688856,5.987479390327998,3.798329387367493
2024-12-31,-3.931993335198891e-06,0.0425656754578298,0.8,100.0,0.008,-0.0080039319933352,8.481128795223862,6.241651302865488,2.5998280435180336,5.881300751705828,3.6418232593474547
2025-01-22,-0.11882426659567165,-0.0437158508017215,0.4,100.0,0.004,-0.12282426659567165,7.473364886227954,5.475025059245116,2.486174348657468,4.987190537570486,2.988850710587648
2025-02-27,-0.12133054276603943,-0.1025973986023859,0.8,100.0,0.008,-0.12933054276603942,6.5666174682932565,4.766937096675278,2.2310993280132303,4.335518140280026,2.5358377686620477
2025-03-31,-0.0479883454916801,-0.0240231953692251,0.8,100.0,0.008,-0.0559883454916801,6.251496360513098,4.500044175569516,2.1775011929682213,4.073995167544877,2.322542982601295
2025-04-30,0.03849530197289362,0.0661328205729216,0.6,100.0,0.006,0.032495301972893624,6.4921496006934944,4.646274469946008,2.3215054886601116,4.170644112033383,2.3247689812858967
2025-05-29,0.09714609040443685,0.0761614659975993,1.0,100.0,0.01,0.08714609040443685,7.122836552721592,5.051179124947749,2.498314749997939,4.624521802723653,2.5528643749498103
2025-06-30,0.09404470089615717,0.0734747861459745,0.6,100.0,0.006,0.08804470089615717,7.79270158585451,5.4959086801766865,2.6818778919793713,5.110823693875139,2.8140307881973152
2025-07-31,0.32748104696236846,0.0184287292791145,0.6,100.0,0.006,0.32148104696236846,10.344663659855453,7.262739156689457,2.7313014936103017,7.613362166245151,4.531437663079155
2025-08-29,0.20401974524073463,0.1009523606008835,0.4,100.0,0.004,0.20001974524073463,12.455179304340248,8.715430392560389,3.0070328269029805,9.448146477437268,5.708397565657409
2025-09-30,0.26210854703916325,0.1202422240859923,0.4,100.0,0.004,0.25810854703916325,15.719788254913128,10.964957468005116,3.368605141909384,12.351183113003744,7.596352326095731
2025-10-31,-0.03534120559120406,-0.0370656818172991,0.6,100.0,0.006,-0.04134120559120406,15.16423198634605,10.511652907021508,3.243745495551253,11.920486490794797,7.267907411470255
2025-11-28,0.1696990815101104,0.0521251371594126,0.6,100.0,0.006,0.1636990815101104,17.73758822623521,12.232400833054012,3.412826174417089,14.324762051818121,8.819574658636922
2025-12-31,0.3623386862626695,0.122327685777446,0.4,100.0,0.004,0.3583386862626695,24.164602641597472,16.61574327740897,3.830309302294226,20.334293339303247,12.785433975114746
2026-01-30,0.014262066106277121,0.1177686395517698,0.6,100.0,0.006,0.008262066106277121,24.509239801903853,16.753023646771855,4.281399617887906,20.227840184015946,12.471624028883948
2026-02-26,-0.08279954515339537,-0.1084411939160774,0.4,100.0,0.004,-0.08679954515339537,22.47988589425072,15.29886881428798,3.8171195316923034,18.66276636255842,11.481749282595676
2026-03-31,0.394213854055854,0.2508638826353395,0.6,100.0,0.006,0.388213854055854,31.341768351359125,21.23810163937763,4.774696957895824,26.5670713934633,16.463404681481805
